title,date_time,like,view,link,description
Data Analysis Masterclass | Geek-A-Thon | GeeksforGeeks,"Jul 26, 2023",21,352 views,https://www.youtube.com/watch?v=-7Emxpn8DXc,"Welcome to GeeksforGeeks' Data Analysis Masterclass, part of our exclusive Geek-A-Thon series! This class is your definitive guide to mastering the critical skill of data analysis and unlocking the power of data-driven decision-making.

Data Analysis is a highly sought-after skill in today's data-centric world. Businesses across industries are seeking professionals who can turn raw data into insightful information. This Masterclass, brought to you by GeeksforGeeks, covers the foundational concepts of the advanced techniques of data analysis.

Geek-O-Lympics-: https://www.geeksforgeeks.org/geek-ol...

Geek-A-Thon-: https://practice.geeksforgeeks.org/ha...
#geekolympics #geeksforgeeks #hackathon"
GeeksforGeeks Offline Classroom Program | Now Open In Noida & Gurgaon,"Jul 25, 2023",12,"1,368 views",https://www.youtube.com/watch?v=2bPiFkt3Nmg,"GeeksforGeeks Offline Classes on MERN Full Stack and DSA are now in Noida and Gurgaon

Register Now & avail INR 5000 Discount: https://www.geeksforgeeks.org/courses...

ğŸš€ğŸ“š Ready to level up your coding skills? Join us at GeeksforGeeks Offline Classes in Noida and Gurgaon! ğŸ¢ğŸ’»

ğŸ¯ Master the MERN Full Stack ğŸŒ and conquer Data Structures and Algorithms ğŸ—‚ï¸ with our expert instructors! ğŸ“

ğŸ”¥ Get hands-on with real projects, ğŸ’¼ build your portfolio, and learn from industry pros! ğŸ’¡ğŸ’¼

Don't miss this chance to become a coding wizard! ğŸ§™â€â™‚ï¸ Enroll now! ğŸ“ğŸ”œ

Explore Premium LIVE and Online Courses : 
https://practice.geeksforgeeks.org/co...

Follow us for more fun, knowledge and resources  - 

ğŸ’¬ Twitter- https://twitter.com/geeksforgeeks 

 ğŸ§‘â€ğŸ’¼ LinkedIn- https://www.linkedin.com/company/geek...

ğŸ—£ï¸ Facebook- https://www.facebook.com/geeksforgeek... 

ğŸ“· Instagram- https://www.instagram.com/geeks_for_g... 

ğŸ’Œ Telegram- https://t.me/s/geeksforgeeks_official 

Also, Subscribe if you haven't already! :)

#GeeksforGeeks #offlineclasses #mernstack #DSA #interviewpreparation"
Kickstart your DevOps Career | GeeksforGeeks,"Jul 21, 2023",32,"6,014 views",https://www.youtube.com/watch?v=8gwwlpBwr_s,"Register Now: https://practice.geeksforgeeks.org/co...

Get ready to revolutionize your process & improve your workflow delivery with DevOps-Live course!
Improve the ability to quickly release high- quality software.
Deliver better software faster through continuous integration, delivery, and deployment.
Register today!

Explore Premium LIVE and Online Courses : 
https://practice.geeksforgeeks.org/co...

Follow us for more fun, knowledge and resources  - 

ğŸ’¬ Twitter- https://twitter.com/geeksforgeeks 

 ğŸ§‘â€ğŸ’¼ LinkedIn- https://www.linkedin.com/company/geek...

ğŸ—£ï¸ Facebook- https://www.facebook.com/geeksforgeek... 

ğŸ“· Instagram- https://www.instagram.com/geeks_for_g... 

ğŸ’Œ Telegram- https://t.me/s/geeksforgeeks_official 

Also, Subscribe if you haven't already! :)

#GeeksforGeeks #Learntocode #GFG"
First Ever KBC at our Offline Classes | GeeksforGeeks,"Jul 20, 2023",18,560 views,https://www.youtube.com/watch?v=chYg2EAKW2A,"Computer ji, humare Geeks k liye prashn pesh kiye jaye! ğŸ–¥ï¸ 
Check out our first-ever Kaun Banega Codepati session at our first-ever offline batch âœ¨ 

Explore our Offline Batches : https://practice.geeksforgeeks.org/co...

Explore Premium LIVE and Online Courses : 
https://practice.geeksforgeeks.org/co...

Follow us for more fun, knowledge and resources  - 

ğŸ’¬ Twitter- https://twitter.com/geeksforgeeks 

 ğŸ§‘â€ğŸ’¼ LinkedIn- https://www.linkedin.com/company/geek...

ğŸ—£ï¸ Facebook- https://www.facebook.com/geeksforgeek... 

ğŸ“· Instagram- https://www.instagram.com/geeks_for_g... 

ğŸ’Œ Telegram- https://t.me/s/geeksforgeeks_official 

Also, Subscribe if you haven't already! :)

#GeeksforGeeks #Learntocode #GFG"
